A63_51.xml,https://hdl.handle.net/21.11115/0000-0012-228B-9
A64_34.xml,https://hdl.handle.net/21.11115/0000-0012-2255-6
A64_37.xml,https://hdl.handle.net/21.11115/0000-0012-2256-5
A64_38.xml,https://hdl.handle.net/21.11115/0000-0012-2257-4
A64_39.xml,https://hdl.handle.net/21.11115/0000-0012-2258-3
A64_40.xml,https://hdl.handle.net/21.11115/0000-0012-2259-2
A64_41.xml,https://hdl.handle.net/21.11115/0000-0012-225A-1
A64_42.xml,https://hdl.handle.net/21.11115/0000-0012-225B-0
A64_43.xml,https://hdl.handle.net/21.11115/0000-0012-225C-F
A67_17.xml,https://hdl.handle.net/21.11115/0000-0012-225D-E
A67_18.xml,https://hdl.handle.net/21.11115/0000-0012-225E-D
A67_19.xml,https://hdl.handle.net/21.11115/0000-0012-225F-C
A67_20.xml,https://hdl.handle.net/21.11115/0000-0012-2260-9
A67_21.xml,https://hdl.handle.net/21.11115/0000-0012-2261-8
A67_22.xml,https://hdl.handle.net/21.11115/0000-0012-2262-7
A67_23.xml,https://hdl.handle.net/21.11115/0000-0012-2263-6
A67_27.xml,https://hdl.handle.net/21.11115/0000-0012-2264-5
A67_41.xml,https://hdl.handle.net/21.11115/0000-0012-2265-4
A67_42.xml,https://hdl.handle.net/21.11115/0000-0012-2266-3
A67_43.xml,https://hdl.handle.net/21.11115/0000-0012-2267-2
A67_44.xml,https://hdl.handle.net/21.11115/0000-0012-2268-1
A70_23.xml,https://hdl.handle.net/21.11115/0000-0012-2269-0
A70_41.xml,https://hdl.handle.net/21.11115/0000-0012-226A-F
A70_45.xml,https://hdl.handle.net/21.11115/0000-0012-226B-E
S1_18.xml,https://hdl.handle.net/21.11115/0000-0012-226C-D
S1_19.xml,https://hdl.handle.net/21.11115/0000-0012-226D-C
S1_20.xml,https://hdl.handle.net/21.11115/0000-0012-228C-8
S1_22.xml,https://hdl.handle.net/21.11115/0000-0012-226E-B
S1_23.xml,https://hdl.handle.net/21.11115/0000-0012-226F-A
S1_24.xml,https://hdl.handle.net/21.11115/0000-0012-2270-7
S1_25.xml,https://hdl.handle.net/21.11115/0000-0012-2271-6
S1_26.xml,https://hdl.handle.net/21.11115/0000-0012-2272-5
S1_27.xml,https://hdl.handle.net/21.11115/0000-0012-2273-4
S1_28.xml,https://hdl.handle.net/21.11115/0000-0012-2274-3
S1_29.xml,https://hdl.handle.net/21.11115/0000-0012-2275-2
S1_30.xml,https://hdl.handle.net/21.11115/0000-0012-2276-1
S1_39.xml,https://hdl.handle.net/21.11115/0000-0012-2277-0
S1_40a.xml,https://hdl.handle.net/21.11115/0000-0012-2278-F
S1_40.xml,https://hdl.handle.net/21.11115/0000-0012-2279-E
S1_44.xml,https://hdl.handle.net/21.11115/0000-0012-227A-D
S1_45.xml,https://hdl.handle.net/21.11115/0000-0012-227B-C
S1_58.xml,https://hdl.handle.net/21.11115/0000-0012-227C-B
S1_61.xml,https://hdl.handle.net/21.11115/0000-0012-227D-A
S1_62.xml,https://hdl.handle.net/21.11115/0000-0012-227E-9
S1_63.xml,https://hdl.handle.net/21.11115/0000-0012-227F-8
S1_64.xml,https://hdl.handle.net/21.11115/0000-0012-2280-4
S1_65.xml,https://hdl.handle.net/21.11115/0000-0012-2281-3
S1_66.xml,https://hdl.handle.net/21.11115/0000-0012-2282-2
S1_67.xml,https://hdl.handle.net/21.11115/0000-0012-2283-1
S1_68.xml,https://hdl.handle.net/21.11115/0000-0012-2284-0
S1_69.xml,https://hdl.handle.net/21.11115/0000-0012-2285-F
S1_70.xml,https://hdl.handle.net/21.11115/0000-0012-2286-E
S1_72.xml,https://hdl.handle.net/21.11115/0000-0012-2287-D
S1_74.xml,https://hdl.handle.net/21.11115/0000-0012-2288-C
S1_75.xml,https://hdl.handle.net/21.11115/0000-0012-2289-B
S1_76.xml,https://hdl.handle.net/21.11115/0000-0012-228A-A
